"url","status_code","depth","title","heading","first_paragraph","internal_links","external_links","images","duration_ms","content_bytes"
"https://field-notes.example/","200","0","Field Notes","Field Notes","Synthetic example content for the offline report demonstration.","3","0","0","25","1200"
"https://field-notes.example/about","200","1","About Field Notes","About Field Notes","Synthetic example content for the offline report demonstration.","1","1","0","39","1400"
"https://field-notes.example/contact","200","2","Contact","Contact","Synthetic example content for the offline report demonstration.","1","0","0","53","1600"
"https://field-notes.example/guides","200","1","Practical guides","Practical guides","Synthetic example content for the offline report demonstration.","3","0","0","32","1300"
"https://field-notes.example/guides/getting-started","200","2","Getting started","Getting started","Synthetic example content for the offline report demonstration.","1","0","0","60","1700"
"https://field-notes.example/guides/robots","200","2","Robots policy","Robots policy","Synthetic example content for the offline report demonstration.","1","0","0","67","1800"
"https://field-notes.example/journal","200","1","The journal","The journal","Synthetic example content for the offline report demonstration.","2","0","0","46","1500"
"https://field-notes.example/journal/reliability","200","2","Reliability matters","Reliability matters","Synthetic example content for the offline report demonstration.","1","0","0","74","1900"
"https://field-notes.example/journal/testing","200","2","Test the unhappy paths","Test the unhappy paths","Synthetic example content for the offline report demonstration.","1","0","0","81","2000"
